{"cameraMode":{"drawMode":0,"name":"Shaded","section":"Shading Mode"},"sceneLighting":true,"audioPlay":false,"sceneViewState":{"m_AlwaysRefresh":false,"showFog":true,"showSkybox":true,"showFlares":true,"showImageEffects":true,"showParticleSystems":true,"showVisualEffectGraphs":true,"m_FxEnabled":true},"in2DMode":false,"pivot":{"x":-7.511519432067871,"y":-11.13507080078125,"z":31.17962646484375},"rotation":{"x":0.15968076884746552,"y":-0.039968546479940417,"z":0.006470607127994299,"w":0.9863379001617432},"size":33.663631439208987,"orthographic":false}